hint,keyword
Animal,Anglerfish
Animal,Ant
Animal,Armadillo
Animal,Bat
Animal,Beaver
Animal,Bee
Animal,Butterfly
Animal,Camel
Animal,Cat
Animal,Chicken
Animal,Clam
Animal,Cobra
Animal,Cockroach
Animal,Cow
Animal,Crab
Animal,Crocodile
Animal,Deer
Animal,Dog
Animal,Dolphin
Animal,Dragonfly
Animal,Elephant
Animal,Flamingo
Animal,Frog
Animal,Giraffe
Animal,Goat
Animal,Hermit Crab
Animal,Hippo
Animal,Horse
Animal,Jellyfish
Animal,Kangaroo
Animal,Koala
Animal,Ladybug
Animal,Lion
Animal,Lobster
Animal,Monkey
Animal,Mosquito
Animal,Narwhal
Animal,Nautilus
Animal,Octopus
Animal,Ostrich
Animal,Owl
Animal,Peacock
Animal,Pelican
Animal,Penguin
Animal,Pig
Animal,Platypus
Animal,Praying Mantis
Animal,Pterodactyl
Animal,Rabbit
Animal,Raccoon
Animal,Ray
Animal,Rhino
Animal,Scorpion
Animal,Seahorse
Animal,Shark
Animal,Sheep
Animal,Shrimp
Animal,Sloth
Animal,Snail
Animal,Spider
Animal,Squid
Animal,Squirrel
Animal,Stag Beetle
Animal,Starfish
Animal,Stegosaur
Animal,Swan
Animal,Swordfish
Animal,T-Rex
Animal,Triceratops
Animal,Turkey
Animal,Turtle
Animal,Velociraptor
Animal,Walrus
Animal,Whale
Animal,Woodpecker
Event,Baby Shower
Event,Birthday
Event,Eclipse
Event,Graduation
Event,Sleepover
Event,Wedding
Food/Drink,Artichoke
Food/Drink,Asparagus
Food/Drink,Bacon
Food/Drink,Banana
Food/Drink,Boba Tea
Food/Drink,Burger
Food/Drink,Cake
Food/Drink,Carrot
Food/Drink,Cheese
Food/Drink,Coconut
Food/Drink,Corn
Food/Drink,Cupcake
Food/Drink,Dim Sum
Food/Drink,Eggs
Food/Drink,Garlic
Food/Drink,Honey
Food/Drink,Hot Dog
Food/Drink,Ice Cream
Food/Drink,Lobster
Food/Drink,Martini
Food/Drink,Mushroom
Food/Drink,Pancakes
Food/Drink,Peas
Food/Drink,Pepper
Food/Drink,Pickles
Food/Drink,Pie
Food/Drink,Pineapple
Food/Drink,Pizza
Food/Drink,Popsicle
Food/Drink,Pumpkin
Food/Drink,Ribs
Food/Drink,Sandwich
Food/Drink,Shrimp
Food/Drink,Spaghetti
Food/Drink,Strawberry
Food/Drink,Sushi
Food/Drink,Taco
Food/Drink,Tea
Food/Drink,Tomato
Food/Drink,Turnip
Food/Drink,Waffles
Food/Drink,Wine
Kitchen,Blender
Kitchen,Colander
Kitchen,Fridge
Kitchen,Kettle
Kitchen,Oven
Kitchen,Rice Cooker
Kitchen,Stove
Kitchen,Toaster
Fantasy/SciFi,Alien
Fantasy/SciFi,Centaur
Fantasy/SciFi,Dragon
Fantasy/SciFi,Dwarf
Fantasy/SciFi,Elf
Fantasy/SciFi,Fairy
Fantasy/SciFi,Ghost
Fantasy/SciFi,Griffin
Fantasy/SciFi,Kraken
Fantasy/SciFi,Leprechaun
Fantasy/SciFi,Loch Ness Monster
Fantasy/SciFi,Mermaid
Fantasy/SciFi,Pegasus
Fantasy/SciFi,Phoenix
Fantasy/SciFi,Robot
Fantasy/SciFi,Unicorn
Fantasy/SciFi,Vampire
Fantasy/SciFi,Werewolf
Fantasy/SciFi,Witch
Fantasy/SciFi,Zombie
Fashion,Backpack
Fashion,Baseball Cap
Fashion,Belt
Fashion,Bow-Tie
Fashion,Cargo Shorts
Fashion,Chef Hat
Fashion,Crocs
Fashion,Crown
Fashion,Earrings
Fashion,Eyepatch
Fashion,Glasses
Fashion,Gloves
Fashion,High-Heels
Fashion,Jacket
Fashion,Monocle
Fashion,Overalls
Fashion,Purse
Fashion,Scarf
Fashion,Sneakers
Fashion,Socks
Fashion,Suit
Fashion,Watch
Person,Actor
Person,Artist
Person,Astronaut
Person,Baby
Person,Barber
Person,Bartender
Person,Chef
Person,Clown
Person,Cowboy
Person,Dentist
Person,DJ
Person,Doctor
Person,Farmer
Person,Firefighter
Person,Gymnast
Person,Judge
Person,Knight
Person,Magician
Person,Mailman
Person,Mechanic
Person,Musician
Person,Pirate
Person,Programmer
Person,Scientist
Person,Teacher
Person,Therapist
Place,Airport
Place,Amusement Park
Place,Arcade
Place,Art Museum
Place,Bank
Place,Bathroom
Place,Beach
Place,Casino
Place,Cave
Place,Circus
Place,Desert
Place,Farm
Place,Forest
Place,Gas Station
Place,Graveyard
Place,Grocery Store
Place,Gym
Place,Haunted House
Place,Hospital
Place,House
Place,Library
Place,Ocean
Place,Parking Lot
Place,Playground
Place,Pool
Place,Port
Place,Restaurant
Place,School
Place,Space
Place,Stadium
Place,Subway
Place,Theater
Place,Zoo
Recreation,American Football
Recreation,Archery
Recreation,Badminton
Recreation,Baseball
Recreation,Basketball
Recreation,Bike
Recreation,Billiards
Recreation,Bowling
Recreation,Boxing
Recreation,Camping
Recreation,Carousel
Recreation,Chess
Recreation,Disco
Recreation,Fencing
Recreation,Fishing
Recreation,Frisbee
Recreation,Golf
Recreation,Hiking
Recreation,Hockey
Recreation,Karaoke
Recreation,Martial Arts
Recreation,Painting
Recreation,Pinball
Recreation,Ping Pong
Recreation,Rock Climbing
Recreation,Roller Coaster
Recreation,Scuba Diving
Recreation,Skateboarding
Recreation,Skiing
Recreation,Skydiving
Recreation,Snowboarding
Recreation,Soccer
Recreation,Surfing
Recreation,Tennis
Recreation,Ventriloquism
Recreation,Video Games
Recreation,Volleyball
Recreation,Yoga
Technology,Battery
Technology,Camera
Technology,Computer
Technology,Electric Fan
Technology,Elevator
Technology,Keyboard
Technology,Lamp
Technology,Laptop
Technology,Lava Lamp
Technology,Lawn Mower
Technology,Light Bulb
Technology,Computer Mouse
Technology,Power Outlet
Technology,Power Strip
Technology,Printer
Technology,Radio
Technology,Satellite
Technology,Sewing Machine
Technology,Telephone
Technology,Telephone Pole
Technology,Television
Technology,Vacuum Cleaner
Technology,Wi-Fi
Tool,Binoculars
Tool,Bucket
Tool,Calculator
Tool,Chainsaw
Tool,Compass
Tool,Drill
Tool,Flashlight
Tool,Hammer
Tool,Handsaw
Tool,Measuring Tape
Tool,Microscope
Tool,Paintbrush
Tool,Pen
Tool,Pencil Sharpener
Tool,Scissors
Tool,Screwdriver
Tool,Stapler
Tool,Tape
Tool,Telescope
Tool,Umbrella
Tool,Whisk
Tool,Whistle
Vehicle,Airplane
Vehicle,Ambulance
Vehicle,Bicycle
Vehicle,Blimp
Vehicle,Boat
Vehicle,Bus
Vehicle,Car
Vehicle,Chariot
Vehicle,Dog Sled
Vehicle,Firetruck
Vehicle,Helicopter
Vehicle,Hot Air Balloon
Vehicle,Motorcycle
Vehicle,RV
Vehicle,Scooter
Vehicle,Spaceship
Vehicle,Submarine
Vehicle,Tractor
Vehicle,Train
Vehicle,Truck
Vehicle,UFO
Vehicle,Unicycle
